bloco,politica,chunk,threads,largura,altura,max_iter,tempo_media,tempo_std,fator_media,fator_std,n_reps,speedup,eficiencia
strong,dynamic,1.000000,1,4096,4096,1000,5.589911,0.042815,1.000000,0.000000,5,0.992811,0.992811
strong,dynamic,1.000000,2,4096,4096,1000,2.805548,0.003804,1.000000,0.000000,5,1.978126,0.989063
strong,dynamic,1.000000,4,4096,4096,1000,1.481879,0.001262,1.000000,0.000000,5,3.745061,0.936265
strong,dynamic,1.000000,8,4096,4096,1000,0.802243,0.002199,1.000060,0.000055,5,6.917765,0.864721
strong,dynamic,1.000000,16,4096,4096,1000,0.528747,0.008708,1.000400,0.000224,5,10.496001,0.656000
strong,dynamic,16.000000,1,4096,4096,1000,5.567302,0.002906,1.000000,0.000000,5,0.996843,0.996843
strong,dynamic,16.000000,2,4096,4096,1000,2.807289,0.001608,1.000000,0.000000,5,1.976899,0.988450
strong,dynamic,16.000000,4,4096,4096,1000,1.480944,0.001591,1.000000,0.000000,5,3.747426,0.936856
strong,dynamic,16.000000,8,4096,4096,1000,0.815422,0.038058,1.000320,0.000335,5,6.805957,0.850745
strong,dynamic,16.000000,16,4096,4096,1000,0.531396,0.008476,1.005880,0.002080,5,10.443679,0.652730
strong,guided,1.000000,1,4096,4096,1000,5.566968,0.002564,1.000000,0.000000,5,0.996903,0.996903
strong,guided,1.000000,2,4096,4096,1000,2.820044,0.004029,1.000600,0.000689,5,1.967958,0.983979
strong,guided,1.000000,4,4096,4096,1000,2.458008,0.002517,1.691120,0.001287,5,2.257815,0.564454
strong,guided,1.000000,8,4096,4096,1000,1.323674,0.035386,1.652820,0.056245,5,4.192670,0.524084
strong,guided,1.000000,16,4096,4096,1000,0.813643,0.041099,1.692040,0.093682,5,6.820836,0.426302
strong,guided,32.000000,1,4096,4096,1000,5.622996,0.036999,1.000000,0.000000,5,0.986970,0.986970
strong,guided,32.000000,2,4096,4096,1000,2.819063,0.005419,1.000240,0.000329,5,1.968643,0.984321
strong,guided,32.000000,4,4096,4096,1000,2.457487,0.001617,1.690580,0.000832,5,2.258293,0.564573
strong,guided,32.000000,8,4096,4096,1000,1.316609,0.042772,1.656420,0.059446,5,4.215166,0.526896
strong,guided,32.000000,16,4096,4096,1000,0.772662,0.019844,1.604840,0.056163,5,7.182610,0.448913
strong,static,1.000000,1,4096,4096,1000,5.568457,0.001829,1.000000,0.000000,5,0.996636,0.996636
strong,static,1.000000,2,4096,4096,1000,2.849820,0.047893,1.007240,0.007698,5,1.947395,0.973698
strong,static,1.000000,4,4096,4096,1000,1.482865,0.002718,1.001660,0.001428,5,3.742571,0.935643
strong,static,1.000000,8,4096,4096,1000,0.914222,0.003762,1.148240,0.003764,5,6.070436,0.758804
strong,static,1.000000,16,4096,4096,1000,0.616508,0.029702,1.209940,0.039633,5,9.001876,0.562617
strong,static,16.000000,1,4096,4096,1000,5.578397,0.004509,1.000000,0.000000,5,0.994861,0.994861
strong,static,16.000000,2,4096,4096,1000,2.810229,0.005169,1.000420,0.000228,5,1.974831,0.987415
strong,static,16.000000,4,4096,4096,1000,1.483571,0.005473,1.002880,0.002338,5,3.740789,0.935197
strong,static,16.000000,8,4096,4096,1000,0.919202,0.008583,1.157360,0.011619,5,6.037548,0.754693
strong,static,16.000000,16,4096,4096,1000,0.656868,0.010192,1.283280,0.020733,5,8.448773,0.528048
strong,static,,1,4096,4096,1000,5.567491,0.003983,1.000000,0.000000,5,0.996809,0.996809
strong,static,,2,4096,4096,1000,2.873412,0.027567,1.011240,0.004599,5,1.931407,0.965703
strong,static,,4,4096,4096,1000,2.748330,0.002881,1.943160,0.000416,5,2.019309,0.504827
strong,static,,8,4096,4096,1000,1.944659,0.002958,2.667540,0.001553,5,2.853831,0.356729
strong,static,,16,4096,4096,1000,1.213905,0.026167,3.000180,0.081640,5,4.571795,0.285737
weak,static,16.000000,1,4096,4096,1000,5.585306,0.021208,1.000000,0.000000,5,,
weak,static,16.000000,2,5793,5793,1000,5.757380,0.133717,1.013620,0.011861,5,,
weak,static,16.000000,4,8192,8192,1000,5.975652,0.061916,1.007880,0.007469,5,,
weak,static,16.000000,8,11585,11585,1000,7.831413,0.363246,1.153160,0.006090,5,,
weak,static,16.000000,16,16384,16384,1000,9.379737,0.146285,1.137540,0.016143,5,,
zoom,dynamic,1.000000,4,4096,4096,5000,0.705981,0.002596,1.000620,0.000148,5,3.389429,0.847357
zoom,dynamic,1.000000,16,4096,4096,5000,0.262782,0.009450,1.004220,0.000740,5,9.105917,0.569120
zoom,dynamic,16.000000,4,4096,4096,5000,0.706205,0.002207,1.007900,0.001384,5,3.388357,0.847089
zoom,dynamic,16.000000,16,4096,4096,5000,0.261773,0.007586,1.047540,0.006980,5,9.141037,0.571315
zoom,guided,1.000000,4,4096,4096,5000,0.776753,0.002711,1.111740,0.003296,5,3.080608,0.770152
zoom,guided,1.000000,16,4096,4096,5000,0.292839,0.024412,1.218420,0.082996,5,8.171303,0.510706
zoom,guided,32.000000,4,4096,4096,5000,0.780489,0.006012,1.114340,0.008393,5,3.065864,0.766466
zoom,guided,32.000000,16,4096,4096,5000,0.306225,0.025518,1.289920,0.109750,5,7.814106,0.488382
zoom,static,1.000000,4,4096,4096,5000,0.714906,0.006919,1.013580,0.006432,5,3.347114,0.836778
zoom,static,1.000000,16,4096,4096,5000,0.302391,0.032941,1.247260,0.107570,5,7.913175,0.494573
zoom,static,16.000000,4,4096,4096,5000,0.710537,0.003260,1.010860,0.004708,5,3.367698,0.841925
zoom,static,16.000000,16,4096,4096,5000,0.314296,0.023457,1.295100,0.063416,5,7.613428,0.475839
zoom,static,,4,4096,4096,5000,0.846910,0.009935,1.209960,0.011796,5,2.825417,0.706354
zoom,static,,16,4096,4096,5000,0.357223,0.023488,1.637440,0.071768,5,6.698545,0.418659
